{
  "eye": {
    "orientation": [
      0.8358073830604553,
      0,
      0,
      -0.5490227341651917
    ],
    "magnitude": 1,
    "position": [
      0,
      234.97100830078125,
      -101.61265563964844
    ]
  },
  "radius": 256,
  "type": "ORTHOGRAPHIC"
}