{
  "eye": {
    "orientation": [
      0.24868988990783691,
      0,
      0,
      0.9685831665992737
    ],
    "magnitude": 1,
    "position": [
      0,
      -123.33541870117188,
      224.33106994628906
    ]
  },
  "radius": 256,
  "type": "ORTHOGRAPHIC"
}