{
  "eye": {
    "orientation": [
      0.960293710231781,
      0,
      0,
      -0.2789909541606903
    ],
    "magnitude": 1,
    "position": [
      0,
      137.21775817871094,
      -216.11972045898438
    ]
  },
  "radius": 256,
  "type": "ORTHOGRAPHIC"
}